cocoid,image_embeddings,text_embeddings
391895,"tensor([[-1.0630e-01,  4.8436e-01,  3.4856e-01,  4.4390e-01, -3.3579e-01,
         -8.4084e-02,  6.2431e-01, -3.5741e-01, -3.1009e-02,  3.9411e-02,
         -1.6674e-02,  4.1916e-02,  1.5813e-01, -2.2926e-01,  8.0912e-01,
         -6.3518e-02,  1.7770e-01,  1.7567e-01, -5.8538e-02, -3.6227e-01,
         -1.5949e-01,  4.2543e-01,  2.8952e-02, -9.6982e-01, -2.9091e-01,
          1.4884e-01,  1.9790e-02, -1.6278e-01, -3.7232e-01, -3.3362e-01,
         -2.4287e-01,  2.7316e-01, -2.3567e-01, -2.0029e-01,  1.3708e-01,
         -2.9615e-01,  2.9767e-01,  4.7936e-01,  2.3252e-01,  5.0310e-01,
          2.6347e-01,  3.2352e-02, -5.1619e-01,  8.1093e-02, -5.7545e-02,
         -5.1162e-01,  3.7918e-01, -1.3134e-01,  5.0070e-01, -9.9916e-02,
          1.0003e-01, -1.5521e-01,  7.0550e-01,  6.0279e-02, -5.8332e-01,
         -7.5449e-02,  7.4453e-01,  1.0556e-03,  4.0472e-01, -2.4657e-01,
         -4.6655e-01,  4.3236e-01, -2.1976e-02,  2.5307e-01, -3.6613e-01,
         -2.9178e-01,  4.0152e-01,  2.5656e+00, -3.6527e-01,  2.5737e-01,
          3.6393e-01, -9.7084e-02, -1.2042e-01, -1.1531e-01,  2.8318e-01,
         -2.0708e-01,  2.4716e-01, -2.7504e-01,  1.9102e-02, -2.5978e-01,
          4.9938e-02, -6.1108e-02,  4.7582e-01, -8.4511e-02,  6.7319e-02,
          1.8849e-01, -2.8286e-01, -2.9966e-01,  3.5676e-01, -1.5835e-01,
          2.7363e-01, -5.7008e-01, -5.8111e+00,  3.8578e-01,  2.1281e-01,
          7.1542e-02, -3.9905e-02,  1.1270e-01,  2.4385e-01, -9.0642e-01,
          2.9286e-01,  2.7853e-01, -9.5698e-02,  2.0697e-01,  8.1679e-02,
          9.6569e-02, -1.0200e+00, -3.2418e-01, -1.0649e-01, -7.0050e-01,
          1.5052e-01, -8.2775e-01, -2.1810e-01, -1.3589e-01, -6.7832e-02,
         -5.8456e-02,  5.8735e-02,  2.8129e-01, -8.5557e-02, -3.5341e-01,
         -1.2612e-01,  2.6443e-01, -5.9664e-01,  1.1654e-01,  9.7276e-02,
         -2.2388e-01, -1.3302e-02, -3.5639e-01,  3.2587e-01,  6.3098e-02,
         -8.4771e-02, -2.4299e-01,  2.7049e-01,  8.2138e-01,  5.8168e-01,
         -2.0141e-01,  4.8952e-01,  3.1732e-01, -1.5522e-01, -6.1983e-02,
          4.0297e-02,  2.8219e-01, -3.6080e-01, -1.1312e-01, -2.7674e-01,
         -1.6313e-01, -2.3353e-01,  6.0266e-01,  1.1922e-01,  1.4948e-01,
         -1.4068e-01, -1.4141e-01,  2.2290e-01,  2.4737e-01, -4.5176e-01,
         -2.3477e-01, -1.4248e-01, -3.0781e-01,  6.9376e-01, -2.6302e-01,
          3.5614e-03, -4.7961e-01, -1.0659e-01, -1.7790e-02, -6.2742e-02,
         -9.3467e-02,  7.1674e-01,  1.4790e-01,  5.0348e-01, -4.4560e-02,
          1.5859e-01,  1.2784e-01, -5.7496e-02, -3.9173e-01, -1.2247e-02,
         -1.0507e-01,  4.3704e-01, -3.3145e-01, -9.2247e-02, -4.3862e-02,
          1.9265e-01,  4.6236e-01,  8.5380e-02,  6.3371e-02, -2.2182e-01,
          7.4509e-02,  2.3075e-01, -2.6366e-01, -5.0330e-01, -1.9334e-01,
          3.5237e-01,  3.6671e-01, -2.8037e-01, -3.0194e-01, -1.3159e+00,
          3.0682e-01,  1.6988e-01, -4.9329e-02,  5.4211e-01,  5.5547e-02,
          3.8400e-01,  6.0798e-01,  2.9529e-01,  3.4034e-01, -6.6955e-02,
          9.9886e-02, -4.5908e-01, -3.9154e-01, -1.9899e-01,  2.1846e-01,
         -7.2557e-01, -7.2585e-01, -9.0971e-02,  3.9215e-01, -1.5561e-02,
          2.3919e-01,  1.2905e-01, -6.4025e-02, -5.7559e-01, -2.3252e-01,
          2.1941e-01,  6.7121e-01, -8.6744e-02, -2.8092e-01,  4.4663e-01,
         -5.4696e-02, -2.0447e-01, -2.1915e-01,  1.0537e-01,  2.1528e-01,
         -2.0457e-01,  3.9804e-01,  1.6312e-01,  2.6766e-01,  1.8809e-01,
         -3.8379e-01, -2.0602e-01, -5.7658e-02, -1.7057e-01,  1.9354e-01,
          5.9746e-02,  3.6658e-01, -6.3054e-01, -3.1361e-01, -3.2995e-01,
         -7.1062e-01,  6.3853e-02,  3.4392e-01, -2.8410e-01,  4.5363e-01,
          3.7466e-01,  5.8949e-01, -7.5304e-02, -2.3525e-01, -3.8359e-02,
          2.3461e-01, -2.5705e-01,  3.6335e-01,  2.4643e+00, -1.5087e-01,
          2.9788e-01, -2.4138e-03,  5.4200e-02,  7.3322e-01,  4.5860e-01,
          8.1318e-02, -9.1130e-03,  1.7578e-01,  4.2451e-01, -2.4616e-01,
         -3.2206e-01,  3.2043e-01,  1.2037e-01, -2.7216e-02,  9.4788e-02,
         -2.1014e-02, -4.9269e-02, -9.3647e-02, -2.8747e-01, -3.5502e-01,
         -1.2784e-02, -3.6038e-01, -6.6199e-01, -1.4480e-01,  1.5514e-01,
          3.6100e-02, -2.7973e-01,  1.2504e-01, -2.0707e-01, -3.2127e-01,
          2.0325e-01,  3.1389e-02, -1.0977e-01,  2.5746e-01, -1.8410e-01,
         -1.1475e-02,  7.2948e-01, -2.5436e-01, -4.4653e-01,  6.0138e-01,
         -2.1251e-01, -2.7028e-01, -3.8674e-01,  4.5259e-02, -8.5292e-03,
         -1.5520e-02,  6.2995e-02,  3.4821e-01, -2.7051e-02, -5.0687e-01,
         -9.6916e-02,  1.0785e-01,  8.1960e-01,  1.2446e-01,  4.7299e-01,
         -6.9343e-02, -4.2210e-02, -6.4355e-03, -5.0435e-01, -3.9394e-01,
         -1.2449e-02,  5.2093e-01,  6.0207e-02, -1.8443e-01, -1.5628e-01,
         -3.6255e-01,  5.2909e-02, -1.5339e-01, -1.0226e-02, -4.7694e-01,
         -1.8236e-01, -3.3195e-01,  1.1307e-01, -1.3550e-01, -1.4073e-01,
         -3.0417e-01, -1.1238e-01, -2.0242e-01,  3.8800e-01, -1.5239e-01,
         -3.3329e-01, -5.4339e-01, -2.2786e-01,  3.2308e-01,  6.7135e-02,
         -1.4086e-01, -3.7054e-01,  1.3174e-01,  3.9317e-01,  2.8601e-01,
          2.0181e-01,  5.1667e-02, -1.3593e-01, -5.4040e-01, -4.9886e-02,
          4.5299e-02, -1.0070e+00, -2.4652e-01,  6.6094e-03, -3.3425e-01,
          1.0076e+00,  2.4267e-02,  1.4047e-01,  9.0124e-01,  2.4389e-01,
         -5.7083e-01, -1.1250e-01, -4.9291e-01, -1.4107e-01,  1.0622e-01,
          7.6502e-03, -1.2618e-01,  5.9166e-02, -1.7276e-01,  4.8118e-02,
          1.0859e-01,  1.4135e+00,  1.7856e-01,  5.3146e-01,  4.2937e-01,
         -1.7989e-02,  2.2647e-01, -6.9982e-02, -4.4862e-02,  3.2894e-01,
         -4.5697e-02,  2.5120e-01, -1.4305e-01, -1.0899e-01,  3.2978e-01,
         -5.6336e-01, -3.6132e-01,  9.4925e-02, -2.1849e-01, -1.8898e-01,
         -9.7900e-03, -7.8293e-02,  4.3621e-01,  8.3489e-02, -1.5888e-01,
          3.1472e-01,  2.2326e-01,  3.9304e-01,  2.7664e-02,  2.2852e-01,
         -3.8533e-02, -1.4661e-01, -1.1139e-01, -1.6750e-01, -3.6577e-01,
          4.5229e-01,  2.4488e-01,  7.2748e-02, -1.8653e-01,  1.3617e-01,
         -5.8056e-02, -6.7124e-02, -1.0385e-01,  1.2680e-02, -4.3413e-01,
         -1.9914e-01,  2.3383e-01,  3.9163e-01,  2.0206e-01,  2.7433e-01,
          2.2584e-01, -2.2948e-02,  1.5929e-01, -7.9648e-01, -1.6406e-03,
         -4.7271e-02,  7.1505e-01, -4.7223e-01, -1.3156e-01,  1.2378e-01,
          5.8011e-02, -5.9032e-01,  5.1124e-02, -5.0191e-02,  1.4948e-01,
          2.6919e-01,  1.3712e-01,  4.5575e-02, -3.0042e-01, -5.7461e-02,
         -1.1113e-01,  1.0139e-01, -5.2959e-01,  2.5135e-02,  4.1317e-02,
         -5.5337e-01, -2.9211e-01,  1.2697e-01, -5.3281e-01,  2.5190e-01,
         -2.9979e-01,  5.4327e-01, -3.7306e-01, -3.2624e-02, -3.8393e-01,
         -1.8268e-01,  3.8044e-02, -1.8478e-02, -2.7977e-01,  3.6695e-01,
          2.2169e-01,  8.6242e-02, -1.6066e-01,  2.0881e-01,  1.0004e-01,
         -2.7354e-01, -1.2958e-01,  1.1732e-01, -8.0346e-02, -1.7580e-01,
         -1.8029e-01,  7.9069e-02,  1.2845e-01, -2.2519e-01, -3.7367e-01,
         -4.9558e-01, -4.8488e-01, -3.9510e-01, -2.4809e-01, -4.4305e-01,
          2.0815e-01,  2.0700e-03, -2.1836e-01,  2.8249e-01, -3.6827e-01,
          8.7930e-02,  4.1300e-01,  2.8021e-01, -3.2275e-01, -4.9029e-02,
          3.5914e-01,  4.5622e-01, -2.1514e-01, -1.6758e-01, -1.7143e-01,
         -5.2247e-01,  9.2585e-02, -3.8529e-01,  2.9071e-01,  6.2096e-01,
         -2.6905e-01, -8.3802e-02, -2.9612e-01, -2.3862e-01,  8.3428e-01,
          4.0513e-01,  1.8162e-02]])","tensor([[-3.2612e-01, -7.7536e-02,  1.1918e-01, -1.8244e-01, -2.8316e-01,
          1.2987e-01, -2.0852e-01,  4.8672e-02,  4.1299e-02,  2.3178e-01,
          2.8277e-01, -8.4875e-03, -1.0570e-01, -3.3956e-01,  2.3990e-01,
          1.3986e-01,  5.4545e-01,  2.3521e-01, -1.7820e-01, -3.6707e-02,
          3.2553e-01,  4.0906e-01,  6.1269e-02, -2.4200e-02, -1.0949e-01,
          9.7265e-02,  2.6348e-02,  9.6233e-02, -3.4282e-01, -1.6148e-01,
          4.5231e-03, -3.3614e-01,  7.7386e-03, -1.9579e-01, -7.3131e-01,
          1.0748e-01,  1.5470e-01, -8.6881e-02,  1.2629e-01,  1.9701e-01,
          2.4276e-01, -2.2451e-01, -1.9036e-01,  3.0153e-01,  7.6836e-02,
          3.3815e-01,  1.6383e-02,  1.9392e-01, -1.5272e-03,  1.0378e-01,
          2.0444e-01, -9.7371e-02,  6.0702e-02, -4.5982e-01, -3.0416e-01,
         -3.0354e-01,  5.2209e-01,  9.7832e-02,  4.5015e-01,  9.9608e-03,
          3.4928e-01,  1.5015e-01,  2.4724e-01, -4.0971e-02, -3.8987e-01,
         -2.3126e-01, -9.1399e-03,  1.0226e+00, -1.6056e-01,  1.0351e-01,
          1.4098e-01, -7.9071e-02,  1.7796e-01,  2.5229e-01,  5.6240e-01,
         -2.0710e-01, -8.8699e-02,  4.7044e-02, -1.9233e-01, -4.0096e-01,
         -2.9186e-03, -8.8888e-02,  3.3779e-02,  5.9187e-02, -5.6208e-02,
          1.0030e-01, -2.7654e-01, -1.7391e-01,  8.4303e-02,  1.1189e-02,
         -2.3062e-01, -3.8202e-01, -6.2773e-01, -2.7950e-02, -1.1165e-01,
          9.8079e-02, -1.2259e-01, -8.1682e-02,  5.6906e-01, -1.9500e-01,
         -1.4107e-01, -2.7184e-02,  4.9797e-01, -6.9234e-03,  4.3190e-02,
         -1.9507e-01, -3.9660e-01,  3.2188e-01,  2.7198e-01, -4.6790e-01,
         -5.0070e-02,  1.4509e-01, -3.1817e-01, -1.4360e-01, -2.5527e-01,
          5.7968e-01,  1.2483e-01,  5.2028e-01,  1.8642e-01, -3.2529e-01,
         -8.4036e-02, -2.9829e-01, -2.5942e-01, -1.9600e-01, -9.5905e-02,
         -6.4786e-02,  6.2224e-01, -2.5161e-01, -1.4940e-01,  2.9494e-01,
         -5.9290e-02, -3.2909e-01,  5.5971e-02,  1.8738e+00, -4.6339e-01,
         -1.7878e-01,  1.4027e-01, -1.2625e-01, -2.3861e-04,  4.7641e-02,
         -2.7561e-01, -9.7976e-02, -4.4800e-01,  1.0636e-01, -1.2061e-01,
         -2.8364e-01,  1.5818e-01, -3.9000e-01, -1.9287e-01, -2.4450e-01,
          2.1541e-01,  3.5600e-02,  2.5973e-01,  4.5498e-01, -7.5806e-02,
          3.0543e-01,  1.5084e-01, -2.0589e-01,  3.2033e-01,  1.2895e-02,
         -2.3398e-01, -1.2159e-01, -9.2983e-02, -1.3577e-01, -4.5029e-01,
         -2.7774e-01,  5.7049e-01,  3.4358e-01,  2.4037e-02,  4.9098e-02,
         -6.4369e-03, -3.1520e-01, -2.8396e-01, -4.0849e-02,  3.4334e-01,
          3.7328e-02,  4.7846e-01, -3.0401e-01,  1.1938e-01,  1.4932e-01,
          1.1477e-02,  3.5314e-01, -1.4998e-01, -1.8900e-01, -3.1860e-01,
         -3.0085e-01, -9.3639e-03, -1.7517e-01, -2.9779e-01,  1.5408e-01,
          1.2370e-01,  6.0864e-02, -1.9295e-01,  2.1061e-01, -7.0694e-01,
          4.3309e-02, -4.5909e-01,  6.6537e-01,  3.8029e-01,  1.5276e-01,
          1.2671e-01, -1.1574e-01,  7.7118e-02, -6.0763e-02,  3.0335e-02,
          3.2043e-01,  4.1133e-01, -2.7435e-01, -2.1650e-01, -2.9431e-01,
          6.2017e-02, -1.1031e-01,  4.1245e-01,  2.7146e-01,  4.3041e-01,
          3.8603e-02,  2.6484e-01, -5.6062e-01,  2.1719e-01, -2.3202e-01,
          2.2957e-01,  4.3940e-01,  8.9330e-02, -3.6954e-01, -2.7016e-01,
         -1.5561e-02, -1.6028e-01, -4.8256e-01,  2.0530e-01, -5.6310e-01,
         -2.8098e-01, -1.1374e-01, -9.9511e-02,  3.1699e-01,  1.9050e-01,
          4.0804e-02,  1.0376e-01,  3.4050e-02, -2.8739e-01, -1.9085e-01,
         -1.6272e-01,  3.6539e-01,  8.5173e-02,  2.7456e-01, -3.0421e-01,
         -9.0142e-01, -2.3339e-01,  3.1701e-01,  3.0639e-01, -3.2149e-01,
         -2.5008e-01,  8.2490e-02,  2.9440e-01,  8.4754e-02, -1.2365e-01,
         -7.6381e-02,  6.3093e-02,  1.1775e-02,  1.4191e-01,  2.0777e-02,
         -1.1256e-01,  4.0986e-02,  2.4646e-01, -7.2838e-02,  4.9381e-01,
          2.9733e-01,  1.2744e-01,  1.5113e-01,  3.0416e-02,  1.2657e-01,
         -5.1881e-01,  3.1688e-01,  1.3243e-01,  2.5142e-01, -8.3423e-03,
         -1.5346e-01,  2.2426e-01, -6.4394e-02,  6.4982e-02, -1.4573e-01,
         -4.0247e-01, -4.9011e-01,  1.5807e-01,  1.3726e-01,  1.7089e-01,
         -1.6282e-01, -1.6546e-01,  1.8696e-01,  2.3143e-01, -4.1663e-01,
          7.8415e-02,  1.7721e-01, -4.4049e-02,  5.6912e-01, -9.1077e-02,
          2.3576e-01, -1.2741e-01, -1.1439e-01,  7.9015e-02, -1.2907e-01,
          5.8486e-02, -4.2731e-01,  4.5551e-02, -1.1100e-01, -1.8078e-01,
         -9.8793e-01,  6.6222e-01, -2.1797e-03,  2.8995e-01, -9.4308e-02,
          8.4635e-02,  3.4280e-01,  1.8724e+00, -6.2796e-02,  2.2960e-01,
          2.6578e-01,  2.2652e-01, -6.0928e-01, -1.3362e-02, -2.6732e-01,
         -2.2497e-01,  1.1519e-01,  1.8549e-01, -4.1485e-01,  3.1362e-01,
         -2.1207e-01, -2.6522e-02,  3.2542e-01,  8.0404e-02, -3.3505e-01,
         -9.3598e-02, -2.6494e-01,  1.2495e-01, -4.2678e-01,  2.1274e-02,
         -2.3852e-01,  3.8928e-03,  1.9550e-01,  8.6325e-02,  2.3451e-01,
          3.7116e-02, -1.6370e-01,  3.2060e-02,  1.9405e-01,  2.6310e-01,
         -1.3461e-01,  3.8751e-01,  2.0917e-02, -1.0711e-01,  2.9424e-01,
         -9.6081e-02,  1.1086e-01,  1.2079e-01,  2.3027e-01, -9.1935e-02,
          2.1073e-01, -4.1941e-01, -4.3475e-02,  4.5827e-02,  2.1678e-01,
          4.7910e-01, -1.2033e-01,  3.5600e-01,  6.6005e-01,  1.7026e-01,
         -3.7183e-01,  1.3013e-01,  3.2661e-01, -2.9255e-01,  4.6584e-01,
         -1.5756e-01, -1.8857e-01,  2.1144e-01,  2.5229e-01, -4.4911e-01,
         -4.6154e-01, -1.0252e-01, -4.4975e-01,  8.1104e-03,  5.8282e-01,
         -1.4790e-01,  2.9182e-01, -9.3576e-02,  1.5438e-05, -2.5450e-01,
         -1.7430e-01, -5.5392e-02, -2.4356e-01, -2.8535e-01, -5.0825e-02,
         -8.0231e-01,  2.4794e-01, -3.0247e-01, -9.9138e-03, -1.4107e-01,
         -3.9035e-02,  4.1231e-01,  1.8614e-01, -1.2936e-01, -8.8472e-02,
         -3.0391e-01, -4.3413e-03,  1.5643e-01, -1.7255e-01,  5.8652e-02,
          5.3490e-01, -5.4618e-02,  3.3257e-01,  5.3640e-01,  3.1123e-02,
         -9.2981e-02,  2.8802e-01,  2.0159e-01,  2.3307e-01,  7.6914e-02,
         -2.1926e-01,  8.9127e-02, -3.5863e-01, -2.3904e-01, -4.5482e-01,
          3.0654e-01,  1.2199e-01,  2.7246e-02, -3.1466e-01, -2.3060e-02,
         -2.9535e-02, -2.3740e-01,  3.1325e-01,  2.1116e-01,  1.3024e-01,
         -1.6751e-02,  4.9688e-02, -4.6468e-01, -1.7411e-01, -1.2948e-01,
         -7.7606e-02, -3.6885e-01,  2.6082e-01, -3.0735e-01,  3.5932e-02,
         -2.6195e-01,  1.0777e-01,  2.3529e-01, -1.2652e-01, -4.6779e-01,
          6.0490e-02, -5.8617e-01, -3.2696e-01, -3.9196e-01, -3.5963e-02,
         -1.6004e-01, -4.4666e-01,  2.0799e-01, -3.7966e-01,  3.4224e-01,
         -1.8888e-01,  6.2780e-02,  1.4962e-02, -3.4557e-02, -3.2167e-01,
         -1.7060e-01,  1.7597e-01,  1.4659e-01,  4.7852e-03,  1.9855e-01,
          6.1516e-01,  4.5591e-01, -2.7884e-01, -2.0820e-01,  1.0561e-02,
          2.4727e-01, -7.3190e-03,  2.6204e-01, -2.2591e-01, -4.6437e-02,
          5.0421e-04,  4.8710e-01, -4.3633e-02,  3.7781e-01,  1.1140e+00,
         -2.5267e-01, -3.9713e-01,  8.0044e-02, -1.8686e-01, -3.1380e-01,
          3.8890e-01,  4.7305e-02,  2.1869e-01, -2.2187e-01,  1.0238e-01,
         -5.9049e-02,  7.2241e-01, -1.3966e-01,  8.4353e-01,  1.3782e-01,
         -1.5605e-01,  1.8859e-01, -4.8482e-02, -6.7297e-01,  9.5669e-02,
         -3.9865e-01,  9.1662e-02, -1.9515e-01,  2.4707e-01,  3.7800e-01,
         -1.8924e-01, -2.5789e-01, -5.5298e-02,  4.6053e-02,  4.7509e-01,
         -1.7949e-01, -1.5115e-01]])"
60623,"tensor([[-5.8333e-01,  1.6894e-01,  9.9425e-02,  4.1147e-01,  4.4184e-01,
          2.1673e-01,  6.0738e-02, -2.7027e-01,  1.6957e-01,  1.0967e-01,
          8.3489e-02, -1.2262e-01,  4.9812e-01,  2.3372e-02,  1.4996e-01,
          1.0527e-01, -7.2784e-01,  2.4175e-01,  4.4040e-01, -7.6996e-01,
         -1.1181e+00, -4.4449e-02, -2.4325e-01, -2.2193e-01,  1.9911e-03,
          2.1955e-01,  2.9154e-01,  1.9123e-02, -3.2380e-01, -1.3238e-01,
         -2.5983e-01,  5.3003e-01,  2.9107e-01, -4.8152e-02,  2.1471e-01,
          1.1176e-01, -3.8070e-03,  6.5220e-02, -1.6539e-01, -6.7364e-01,
         -3.0323e-01, -3.1342e-02, -1.3227e-01,  1.0479e-01, -3.7232e-01,
          6.7739e-01,  6.8903e-01,  2.3530e-01,  2.7289e-02,  1.1083e-01,
         -4.3956e-01,  1.6283e-01, -5.8148e-02, -4.8023e-02, -3.3630e-01,
          4.6811e-02,  3.4189e-01, -4.8881e-02, -1.9741e-01,  3.7949e-01,
          2.5693e-02, -6.6186e-01, -8.2009e-02,  1.1392e-01, -2.9746e-01,
          1.4195e-01, -4.6023e-01,  1.7735e+00,  9.0992e-02,  3.0838e-01,
          2.3847e-01,  1.9657e-01, -4.6757e-01,  8.7961e-02,  9.1448e-03,
          1.5540e-02, -4.0044e-01, -5.1662e-01, -3.9798e-02,  2.0776e-01,
          2.0673e-01, -6.8546e-02,  3.3720e-01, -5.8856e-02, -5.6173e-03,
          3.3906e-01,  9.7022e-01, -8.6557e-02,  5.3775e-01, -2.3158e-01,
          2.1490e-02, -6.8144e-01, -6.9406e+00, -6.4055e-01,  5.0120e-02,
          2.7479e-01, -1.0645e-01, -7.3894e-03, -1.0506e-01,  7.7595e-01,
          6.2534e-02,  9.6502e-02, -4.6789e-01,  2.2188e-01,  3.6974e-02,
         -1.5115e-01,  1.0504e+00, -5.7515e-01, -1.3776e-01, -1.7248e-02,
          1.4234e-01, -1.3041e+00, -3.8635e-01, -1.1641e-01, -4.8585e-01,
          1.6977e-02, -5.6336e-01, -2.2736e-01,  2.2696e-01, -5.4127e-01,
         -1.4782e-01, -5.5542e-01, -3.9563e-01, -1.2518e-01,  3.8236e-01,
          4.7205e-01, -2.1387e-01, -6.1668e-02,  3.0326e-01,  3.1766e-01,
          2.2632e-01, -2.4299e-01,  3.3358e-01,  9.4418e-01,  4.1141e-01,
         -3.3438e-01, -4.2725e-01,  8.2504e-02,  6.7314e-02,  3.1543e-01,
         -1.0991e-01, -1.6666e-01, -2.6185e-01,  5.5829e-02,  1.5757e-01,
          3.4715e-01, -5.6558e-01,  4.9400e-02, -3.4929e-01, -1.3723e-01,
         -2.4388e-01,  2.6654e-01, -6.8949e-01, -6.4340e-01,  8.6864e-02,
          3.5181e-03,  2.0771e-01,  2.9442e-02, -3.9455e-01, -2.6640e-01,
         -9.0423e-03,  2.0480e-02, -7.0935e-02,  1.8104e-02, -4.0567e-01,
         -1.2597e-01,  3.2318e-01,  5.2373e-01,  5.8300e-01, -1.8379e-01,
         -9.9273e-02,  3.3256e-01, -5.7440e-02, -5.6304e-01, -2.8184e-01,
          2.2776e-01, -5.6236e-01, -2.5029e-01,  1.2021e-01,  1.2735e-01,
          4.7025e-02, -2.4590e-01, -4.8201e-01, -1.5281e-01, -2.2008e-01,
         -7.3948e-02, -1.7199e-01,  1.3868e-01, -2.3287e-01,  5.9147e-02,
          4.1103e-01,  1.3541e-01,  2.5251e-01,  2.0960e-01,  2.3338e-01,
          6.2426e-02,  2.7960e-02, -1.0324e-01, -2.3539e-01,  4.6855e-01,
          6.6363e-03,  3.0215e-01, -3.9484e-02,  3.3921e-01,  2.7569e-01,
         -3.1182e-01,  1.9819e-01,  4.2051e-01,  2.1311e-01,  1.4144e-02,
          1.4599e-01,  9.2157e-02, -1.0407e-01, -1.1338e-01, -8.4459e-02,
          4.3546e-02,  2.3492e-01, -2.4588e-01,  4.9573e-01,  2.3028e-02,
          3.0822e-01,  1.2851e+00,  2.2475e-01, -1.1846e-02,  5.0108e-02,
          1.8341e-01, -1.6716e-01,  2.1557e-01, -1.7637e-01,  1.4669e-01,
          6.4037e-02, -1.7695e-01,  1.2524e-01,  2.0031e-01,  1.7750e-03,
          6.0139e-01, -2.2361e-01, -2.5070e-01, -3.2630e-01, -1.8688e-03,
          4.9469e-01,  9.7141e-03, -2.5989e-01, -1.9679e-01, -5.6790e-01,
         -1.2080e-01,  1.5848e-02,  3.1361e-01, -4.6293e-03,  1.0796e-01,
          2.2722e-01,  1.4200e-02,  2.5613e-01,  1.8019e-01, -5.7751e-02,
          8.0041e-03,  1.8135e-01,  1.6335e-01,  3.9367e-01, -2.1325e-01,
          1.4886e-01, -4.0157e-01,  2.4785e-01,  8.1670e-02,  2.1908e-01,
         -1.0151e-01,  5.7707e-02, -1.4741e-01,  1.7330e-01, -2.8260e-01,
          3.9655e-01,  2.2972e-01, -7.8227e-02,  8.2466e-02,  2.5893e-01,
         -9.6429e-02, -2.2015e-01, -4.2273e-01, -3.6466e-01, -6.3605e-01,
          1.6050e-02, -4.0368e-01, -3.2654e-01, -5.9462e-02,  5.0482e-02,
          1.4812e-05,  1.6241e-01,  2.3918e-01, -6.5729e-02,  2.5616e-01,
         -3.5780e-03, -5.3994e-02,  4.4655e-01,  1.6162e-01, -2.1496e-01,
          2.4022e-02,  2.7774e-01,  3.7063e-01, -8.3943e-01,  7.2217e-02,
         -8.0440e-02, -7.8048e-02, -3.9133e-01,  7.4502e-02,  2.7120e-01,
          9.4970e-01,  1.1349e-01,  3.8687e-01,  2.9544e-01, -2.6677e-01,
         -1.2250e-01,  1.8551e-01,  9.4357e-01, -1.5964e-01,  3.1061e-01,
          7.4883e-01,  6.5031e-02,  2.3565e-01,  1.5488e-01,  8.5183e-01,
         -2.3849e-02,  9.7120e-01,  2.4732e-01, -4.1499e-01,  2.1160e-01,
          3.5813e-01,  7.4504e-02,  1.7445e-01,  2.3920e-01,  7.0781e-02,
         -4.8496e-01, -2.5623e-02,  1.2942e-01,  1.4860e-01,  1.5358e-01,
          6.6814e-03, -1.7292e-01,  4.5733e-01,  1.6665e-01,  1.9467e-01,
         -4.4717e-01, -1.6654e-01, -9.7390e-02,  5.9276e-01,  2.1420e-01,
          6.2133e-02, -1.4950e-01,  1.1672e-01, -4.4855e-02,  2.5561e-01,
          2.4684e-01,  2.2894e-01, -1.3147e-01, -4.7572e-01,  2.7081e-02,
         -1.1029e-01, -1.1935e-01,  1.1382e+00, -8.1383e-02, -2.9234e-01,
         -5.1196e-01, -2.8329e-01, -1.1548e-02,  1.0427e+00, -6.3602e-01,
         -2.5246e-01, -9.1079e-03, -1.4903e-01,  3.8347e-01,  4.6788e-02,
         -3.9981e-01,  1.0146e-01,  1.8044e-01,  3.4177e-01,  3.3582e-01,
         -1.4713e-01,  1.8505e+00,  2.1342e-01, -1.0581e+00,  2.3081e-01,
         -1.5072e-01, -1.2556e+00, -1.2194e-01,  2.6721e-01, -6.2926e-02,
         -7.2842e-01,  4.2430e-01,  7.6979e-01,  2.7491e-01,  6.2071e-01,
          1.5263e-01, -7.1410e-02,  2.3123e-01, -1.5676e-01, -2.6697e-01,
          1.3774e-01,  4.7314e-02, -4.3390e-01,  3.5238e-01, -8.9160e-02,
          3.3830e-01, -1.3436e-01,  2.6572e-01,  1.0099e-01, -3.2922e-01,
         -2.7410e-01,  2.9970e-01,  1.3246e-01,  5.5558e-01, -2.6427e-02,
         -6.8966e-01,  4.1483e-02, -6.5222e-01,  2.0864e-01, -4.5395e-01,
          3.0871e-01, -2.2913e-01,  1.3184e-01, -5.0324e-01,  2.7785e-01,
          1.7151e-02, -2.5775e-01,  3.2954e-01,  6.7548e-01, -2.0346e-01,
          1.9341e-01, -6.6736e-01, -1.0569e-01,  5.1177e-03,  2.8695e-01,
         -1.9294e-01,  3.2512e-01,  1.2581e+00, -3.1302e-01, -8.5193e-03,
          2.2430e-01,  5.2660e-02, -2.7270e-01, -1.7955e-01,  1.8876e-01,
          3.7826e-01, -1.9376e-01,  5.4254e-01,  1.5481e-01,  1.6075e-01,
         -1.6440e-01,  1.9542e-02, -2.8103e-01, -2.1345e-01,  2.0780e-01,
          5.3531e-01,  3.0616e-02, -1.7202e-01, -9.1461e-01,  2.9081e-01,
         -1.0912e-01,  1.7819e-01, -3.1104e-01, -1.5907e-01, -3.6451e-01,
          1.5049e-01,  2.0868e-01, -2.9607e-01, -3.6604e-01,  1.1181e-01,
          7.1124e-02, -1.4280e-01, -1.4648e-01, -4.2640e-01,  4.7041e-01,
          1.2265e-01,  1.9009e-01,  8.2220e-02, -2.2907e-01,  6.3411e-02,
         -4.4757e-01, -1.3435e-01,  7.2987e-02, -1.1039e-02,  1.8080e-02,
         -2.7416e-01,  3.6727e-01, -8.2576e-02,  1.1066e-01,  1.2534e-01,
         -3.9263e-01, -3.7825e-03,  1.8439e-02, -6.6006e-02, -6.8787e-02,
         -2.7188e-01,  1.0654e-01,  2.7753e-02, -6.3694e-01,  7.4756e-02,
         -3.1921e-02, -1.1627e-01,  4.5078e-01, -4.1543e-02,  8.0573e-02,
         -2.6608e-01, -3.5665e-02,  9.1766e-02, -9.3984e-02,  6.0531e-01,
         -5.5359e-01,  6.5989e-02,  6.2948e-01, -7.2724e-01,  5.6524e-01,
         -2.5510e-01,  1.8447e-02]])","tensor([[-2.3798e-01, -2.2308e-01, -2.2558e-01,  4.9638e-01,  4.0958e-01,
         -2.0885e-01,  2.1975e-02, -6.9988e-01, -4.5400e-01, -6.8867e-03,
          4.6749e-01,  3.2041e-02,  3.3302e-01,  1.3650e-01,  1.5452e-01,
          2.2864e-01, -9.5337e-01,  5.5517e-02,  1.5952e-01,  9.0507e-02,
         -6.0696e-02,  1.7892e-01, -1.9116e-01, -1.2479e-02, -2.7362e-01,
          2.2846e-01, -9.2254e-02,  4.6211e-01,  2.2924e-01, -2.0148e-01,
          4.0242e-01,  3.5271e-01,  9.8600e-02,  4.9864e-01, -8.7645e-02,
         -8.6861e-02,  5.6477e-02,  1.2710e-01, -6.6324e-01,  9.2950e-02,
         -5.0217e-02,  2.0958e-01, -2.1595e-01, -8.5898e-02,  1.0392e-01,
          3.3285e-01,  7.2439e-02,  1.1890e-01,  1.5032e-01, -4.2674e-01,
         -2.6927e-01,  3.7177e-01, -2.1596e-02, -4.7975e-01, -1.3050e-01,
          5.0390e-02,  9.9204e-02, -1.7766e-01,  3.2621e-02,  1.0439e-01,
          3.1109e-01, -4.6312e-02, -1.6270e-01,  8.1561e-02,  2.0574e-02,
          4.4418e-02, -3.0539e-01,  4.5211e-01, -3.3491e-01,  2.3875e-01,
          1.0806e-01,  2.8787e-01,  1.2950e-01, -1.6418e-01, -4.1177e-02,
          4.3710e-03,  3.1050e-01, -1.3468e-01,  3.8230e-01,  1.9012e-01,
         -1.2596e-01,  3.1451e-01, -1.5841e-01, -8.2864e-02, -1.7323e-02,
          3.0958e-01, -2.0222e-01, -3.2885e-02, -3.0255e-01,  1.7679e-01,
         -1.3770e-01, -1.8027e-01, -8.3104e-01, -3.0031e-01, -1.3965e-01,
         -5.3395e-02,  1.6298e-01, -3.9010e-02, -1.6338e-01, -2.1009e-01,
          2.6355e-01, -1.7632e-01,  2.5812e-01, -9.4928e-02,  7.0313e-02,
         -5.0378e-01, -1.5312e-01, -8.7391e-02,  2.6582e-01, -5.8447e-02,
         -3.8063e-01, -3.6370e-01,  9.4743e-02, -1.4222e-01, -7.8328e-01,
          4.4361e-03, -1.2623e-01, -1.7160e-01, -2.3314e-02,  3.3717e-01,
         -5.2281e-02, -1.3633e+00, -1.6171e-02, -3.7325e-01,  1.3625e-01,
          2.0622e-02,  4.3446e-02, -5.8787e-02, -2.3636e-01,  3.0559e-01,
          2.4003e-01,  1.2494e-01, -5.0346e-02,  3.5526e+00, -9.1495e-02,
         -8.0850e-02, -6.2739e-01,  4.8436e-01,  3.4036e-01,  3.6225e-01,
         -5.5129e-01, -4.0792e-01, -8.2706e-02,  4.1665e-02,  3.7838e-01,
         -2.8322e-01, -7.8643e-02,  5.9686e-02, -4.3729e-01, -3.9461e-01,
         -1.6713e-01, -4.4168e-02, -2.7038e-01, -1.7197e-01,  7.5635e-02,
          1.1348e-01,  3.1508e-02, -1.6812e-01, -1.0966e-01,  1.7008e-01,
          1.7858e-01,  3.3438e-01, -1.3027e-01, -5.1710e-02, -3.5900e-01,
          1.0551e-01, -2.0195e-01,  1.3282e-01,  2.6347e-01, -2.2144e-01,
         -1.5009e-02, -5.9789e-02, -1.9945e-01, -6.6811e-02, -2.5854e-01,
          1.6838e-01, -5.9057e-02,  2.2576e-01,  4.6931e-01,  5.6515e-02,
         -2.5957e-01, -1.2732e-01, -2.3432e-01, -4.8099e-01,  8.7170e-04,
         -3.8532e-01, -2.7006e-01, -2.5309e-02, -2.2205e-01,  3.4083e-01,
          4.1115e-01,  1.4902e-02, -3.8610e-02, -1.9968e-01, -6.6150e-02,
          2.3616e-01,  4.2603e-01,  9.0725e-02, -3.6725e-01, -2.4143e-01,
          9.0676e-02,  1.4288e-02, -6.8777e-01,  1.6117e-01, -7.5273e-03,
         -3.1259e-01,  2.2052e-01, -2.6820e-02,  4.7562e-02,  1.6163e-01,
          5.1109e-01,  1.7364e-01,  9.8770e-02, -9.4164e-03,  1.4406e-01,
          1.3614e-01,  4.0035e-01,  1.1166e-01,  4.5055e-01, -1.7885e-01,
          1.1701e+00,  5.7493e-02,  1.1457e-01,  2.3704e-01,  4.7020e-03,
         -9.8680e-02, -2.6624e-02,  2.4187e-01, -9.7548e-02, -1.9147e-01,
          2.7776e-01,  7.6187e-02, -7.8451e-02, -2.4260e-01,  8.3626e-02,
          1.5004e-01,  3.0749e-01, -2.4881e-01, -1.6513e-01, -2.4357e-01,
          1.7416e-01,  2.6441e-02,  3.5340e-02, -1.8761e-02, -3.8803e-01,
         -1.8517e-01, -3.5207e-01,  6.6270e-01,  1.9360e-01, -1.6331e-01,
         -3.9570e-01,  3.0545e-01,  1.9066e-01,  1.3398e-01, -3.1793e-01,
          1.0757e-01,  1.1221e-01,  1.9061e-01,  1.9875e-01,  2.9618e-03,
         -7.2206e-02, -3.9243e-01,  1.2246e-01, -2.1449e-01,  2.2505e-01,
          6.7010e-02,  1.0048e-01, -2.8809e-01,  1.3756e-01, -5.1632e-01,
          3.8528e-01,  3.4622e-01,  2.3678e-01,  5.8905e-02,  3.4995e-01,
         -3.5873e-01, -3.8855e-02,  1.3641e-02, -3.1549e-01, -2.1563e-01,
         -3.5637e-01,  3.1032e-01, -1.7565e-01, -4.9706e-02, -4.4885e-01,
          4.1858e-01, -5.3971e-01,  2.4989e-01, -3.7193e-02, -1.6394e-01,
         -2.3369e-01, -6.8271e-02,  1.6115e-01,  1.3040e-01, -1.0076e-01,
         -6.2773e-02,  4.3066e-02,  9.9644e-02, -2.6671e-01,  1.3360e-01,
          1.9823e-02,  3.1212e-01, -2.9972e-01, -8.5747e-02,  2.5587e-01,
         -3.6597e-01,  2.8426e-01,  1.5321e-01,  4.8787e-02, -3.3994e-01,
          1.4629e-01,  1.8978e-01,  3.5560e+00, -7.3703e-02,  3.4003e-01,
          1.6773e-01, -1.7357e-01, -5.3037e-01, -2.9445e-01, -2.3409e-01,
         -8.5421e-03,  2.4173e-01,  3.8935e-01, -1.7133e-01, -4.7762e-01,
          3.5778e-01,  5.4980e-02,  2.2509e-01,  2.6365e-01, -5.1641e-01,
          3.1239e-02,  2.5013e-01,  5.3554e-01,  7.1868e-02,  1.2973e-01,
         -6.3556e-01, -3.6605e-01,  3.2922e-02,  3.9706e-01, -2.7001e-01,
         -2.2005e-01,  1.3655e-01, -1.0237e-01,  2.3283e-01,  3.1947e-01,
         -1.1727e-01,  2.2994e-01, -1.1067e-01,  6.5300e-02, -3.9223e-01,
          5.1287e-02, -1.5272e-01,  1.7507e-01,  9.0423e-02, -2.0748e-01,
         -2.4549e-01, -1.7727e-01,  1.7331e-01, -7.3905e-02,  1.6888e-01,
          1.4839e-01, -3.0924e-01,  3.5719e-01, -1.8400e-02, -6.4098e-02,
         -8.7002e-04, -5.9400e-01, -1.0632e-01,  3.1323e-01, -2.7061e-01,
          3.7304e-02,  5.6664e-02,  5.6201e-02,  7.9992e-01,  2.3346e-01,
          8.7456e-02,  5.7419e-01, -1.8888e-01, -2.5345e-01,  5.4875e-02,
          1.2549e-01, -3.5599e-01,  3.2442e-01, -2.5990e-01, -1.6408e-01,
         -1.9471e-01, -1.6229e-01, -5.8982e-02,  2.0401e-01,  1.2569e-01,
          5.6649e-02, -3.0213e-01,  2.4469e-01, -5.2460e-02,  3.3779e-02,
         -2.1994e-02,  1.8484e-01, -3.4068e-01,  9.8899e-04,  8.2573e-02,
          7.9730e-02, -2.9988e-02,  1.7245e-02,  1.0721e-01,  1.3352e-02,
         -6.1703e-02,  3.0294e-01,  7.9029e-02,  4.0895e-01,  5.9270e-02,
         -5.3355e-01, -3.1822e-01, -1.9841e-01,  2.0804e-01, -5.6087e-01,
          2.6438e-01, -5.6183e-02,  3.7653e-02, -1.9872e-01,  3.8062e-02,
         -7.8235e-02,  2.1646e-01, -1.1811e-01,  6.3396e-01,  2.1048e-01,
          4.3223e-01, -1.0570e-01,  2.1271e-01,  4.0847e-01,  1.4328e-01,
          7.8206e-02,  2.4903e-01,  3.0791e-01,  2.8177e-01, -4.7056e-01,
         -3.2788e-01, -2.2631e-01, -3.2345e-02, -2.7750e-01,  1.2854e-01,
          1.2779e-01, -7.5789e-01,  3.5244e-01, -1.3878e-01,  5.2494e-02,
          1.4877e-01, -1.9267e-01, -5.1648e-01,  1.0489e-02,  2.4443e-01,
          5.9028e-01,  3.7584e-01,  3.1990e-01,  7.9711e-02, -2.8960e-02,
         -1.9772e-01,  2.2000e-01, -2.6079e-01,  1.0836e-01, -2.0426e-01,
          4.3657e-01,  2.5622e-01, -9.1763e-02,  1.1504e-01,  1.3212e-01,
         -1.1173e-01,  4.3020e-01, -4.4686e-01, -2.4871e-01,  3.5879e-01,
          4.0503e-02,  4.1679e-01,  1.3481e-01, -2.6044e-01, -1.5983e-01,
          2.4940e-01,  5.5011e-02, -3.0403e-01,  1.2518e-01,  3.2319e-01,
          2.2552e-01, -1.6669e-01,  4.0753e-01, -2.3084e-02,  1.1910e-01,
          2.0010e-01, -1.2718e-01, -7.3129e-02,  1.3142e-01, -3.8238e-01,
          3.3705e-02,  1.5424e-01, -4.5284e-02,  1.2847e+00, -1.0100e-01,
          2.6930e-02,  1.0997e-01,  1.8307e-01, -9.0813e-02,  9.6398e-02,
          2.0057e-02, -5.8365e-01,  2.6279e-01,  1.7301e-01,  4.5089e-01,
         -5.1102e-01, -1.3849e-01,  4.8365e-02,  2.3912e-01, -1.0181e-01,
          5.9032e-02, -6.3334e-02]])"
483108,"tensor([[ 3.4561e-03,  1.8904e-01, -3.4339e-01,  5.5634e-01,  2.7329e-01,
         -3.0823e-01, -6.8153e-02,  5.8103e-02, -6.0469e-01, -1.4262e-01,
          5.4001e-01, -1.1946e-02,  1.1550e-01,  3.1822e-01, -9.8944e-03,
          2.1357e-01, -2.9711e-01,  6.8702e-01, -3.6492e-01, -4.1645e-01,
          8.6498e-01,  4.4643e-01,  2.3295e-01, -5.2008e-01, -4.3850e-01,
         -2.6637e-01, -1.0469e-01,  1.7426e-01,  2.7730e-03, -1.1977e-01,
         -5.9920e-01,  3.0667e-01, -1.1929e-01, -1.2417e-01,  2.7817e-02,
         -8.8509e-02, -2.8113e-01, -7.4676e-02, -8.5943e-02,  1.0580e+00,
         -1.0477e-01, -1.1933e-01, -1.8378e-01, -3.2806e-01, -5.6635e-01,
         -5.1456e-01,  5.3270e-01,  1.1377e-01, -4.1905e-02, -4.2063e-02,
         -6.6943e-01, -2.6345e-01,  2.0492e-01, -5.4616e-01,  1.3641e-01,
          2.4774e-01,  4.0982e-01, -1.4602e-01, -5.6033e-01, -2.8200e-01,
          4.8454e-01, -3.7822e-01, -5.3584e-01,  6.5017e-01,  4.7124e-02,
         -1.8024e-01,  7.4097e-01,  9.1864e-01,  2.1623e-01, -2.3063e-01,
          7.5517e-02, -4.1793e-02,  3.4701e-01,  4.1811e-01,  6.8798e-02,
         -4.9073e-02, -2.3282e-01,  3.0786e-02,  2.9425e-02, -4.7195e-01,
          2.2128e-01, -2.1746e-01, -1.3346e-01,  1.4907e-01, -1.4575e-01,
          3.6274e-01, -8.7637e-02, -3.8743e-01,  5.3073e-01, -3.1991e-01,
         -5.4869e-02,  4.2585e-02, -6.2840e+00,  1.0518e-01, -3.1669e-01,
         -5.8692e-02, -1.4150e-02, -2.3995e-01,  1.4010e+00, -1.0610e+00,
          6.3017e-02, -2.5414e-01, -3.2882e-01,  2.0527e-01,  4.4731e-01,
         -4.9719e-01, -2.3011e+00, -9.3003e-03, -3.9243e-02, -1.6408e-01,
          2.6052e-01, -8.1442e-01, -6.5889e-02, -1.0555e-01, -1.0503e-01,
          3.7206e-01, -3.4699e-01, -5.2301e-01,  1.7790e-01, -2.1450e-01,
         -3.5483e-02,  4.4939e-01,  2.3022e-01, -2.1510e-01,  3.5418e-02,
         -1.4391e-01,  3.0989e-01, -4.1151e-01, -8.0450e-03,  2.5566e-01,
          3.6094e-01, -4.3294e-02, -2.3823e-01,  8.6713e-01,  1.7405e-01,
          1.0174e-01,  1.7921e-01, -2.9293e-01,  1.0023e-01,  6.8722e-01,
         -1.4480e-02,  1.1050e-01,  4.3916e-01, -2.0884e-01, -2.1251e-02,
          2.9532e-01,  3.4908e-01, -1.2437e-01, -3.7198e-01,  4.6544e-03,
          6.1690e-02, -1.6311e-01,  4.9199e-01,  4.8984e-02, -9.5829e-03,
          2.1472e-01,  1.8326e-02,  5.6187e-02,  2.9193e-01,  7.7221e-02,
         -1.0735e-01, -3.0200e-01, -1.1363e-01, -2.9386e-01, -1.2761e-01,
          4.4070e-02,  3.4722e-01,  6.9610e-01,  5.8060e-02, -2.3436e-01,
         -4.0923e-02, -6.1469e-02, -3.6026e-01,  8.7794e-02, -3.7821e-01,
         -2.8042e-01,  2.8499e-01,  3.5903e-01,  9.6106e-01, -2.2394e-01,
         -9.0853e-03,  1.0029e-01, -2.0659e-01, -1.3823e-01,  5.6796e-02,
          1.8638e-02, -3.3754e-02, -7.1041e-03, -3.0701e-01,  3.2461e-01,
          3.1275e-01,  4.1762e-01, -1.3038e-01,  1.4480e-01, -9.0773e-01,
         -3.2291e-02,  6.9407e-02,  4.2354e-01, -3.2688e-02,  5.1258e-02,
          3.8904e-02, -5.6981e-01,  6.2210e-01,  4.3687e-01,  1.1840e-01,
          1.0581e-01,  2.3680e-02, -2.6350e-01, -1.5363e-01,  1.4691e-01,
          2.0533e-01, -5.7935e-01,  1.5232e-01,  3.7701e-01, -7.9483e-02,
          1.5003e-01,  2.4413e-01, -1.6306e-02, -6.9238e-01,  5.3507e-02,
          2.0169e-01, -5.5644e-03, -2.4954e-01, -8.8653e-02, -5.9427e-01,
          1.2187e-01,  2.1275e-01,  9.6915e-02, -8.3008e-02,  5.4322e-02,
          6.4384e-02,  1.0411e-01,  3.9943e-01,  6.9717e-01,  1.8006e-01,
         -1.9412e-01,  3.8766e-02,  2.2666e-02, -3.3308e-01,  2.8111e-01,
          7.1669e-02,  2.3779e-01,  1.8928e-01, -6.7990e-02, -6.3994e-02,
         -5.6146e-01,  2.9251e-01,  4.7757e-01, -4.8143e-01,  3.7338e-01,
         -2.9051e-01,  2.6094e-01, -5.8485e-02, -1.1109e-01, -4.1396e-02,
         -2.0493e-01, -3.4113e-01, -1.4428e-02,  1.8006e+00,  4.0049e-02,
         -2.3631e-02,  2.6655e-01,  2.0219e-01,  6.7136e-01,  2.7934e-01,
          2.8911e-01,  1.6559e-01, -1.2592e-01,  5.6414e-01,  4.6433e-01,
         -1.1332e-01,  2.4439e-02, -4.2905e-01,  1.9763e-01, -2.4180e-01,
         -7.5067e-01,  2.0358e-01, -2.3597e-01, -2.2427e-01,  1.0700e-01,
         -2.2320e-02,  2.3480e-01, -7.5764e-02,  3.5606e-01,  5.4430e-02,
          4.0158e-01,  6.5311e-01,  7.2691e-03, -3.7826e-01, -1.0090e-01,
         -3.7270e-02, -3.7936e-01,  3.5397e-01,  2.8374e-02, -4.7124e-01,
          8.6242e-02,  1.3467e-01,  2.8631e-01,  4.1162e-01,  4.2098e-01,
          6.2995e-02,  6.5615e-02, -5.7010e-01, -4.1139e-01, -6.4347e-02,
         -2.0677e-01, -5.4754e-01,  3.2227e-01,  1.5651e-01,  1.5718e-01,
         -4.4964e-02,  3.8922e-02,  8.6538e-01,  1.9242e-01, -5.2820e-01,
         -1.0009e-01, -1.4098e-01,  3.5874e-01, -6.6094e-02,  5.2562e-01,
          2.8858e-01,  8.1761e-01,  8.2990e-02, -6.9644e-01, -2.6579e-01,
         -1.5064e-01, -1.7439e-01,  6.0080e-02,  4.3623e-02,  1.1325e-01,
          3.9788e-01, -2.2393e-01, -3.7620e-01, -4.2846e-02, -2.2871e-03,
         -1.7801e-01, -2.3812e-01, -4.0522e-02,  2.5886e-02, -5.0360e-02,
         -2.0857e-01, -1.0889e-01, -1.6880e-01,  1.4993e-01, -2.2681e-01,
          5.1216e-02,  3.4870e-01,  2.7156e-01,  2.0327e-02,  7.4528e-01,
         -3.6571e-01,  1.0782e-01, -2.4001e-01, -2.4042e-02, -7.7219e-02,
          1.1268e+00,  1.7022e-01,  5.3037e-01, -6.7143e-02, -1.4627e-01,
         -2.3879e-01,  2.9449e-01, -2.7889e-01,  6.9285e-01, -1.7579e-01,
          3.4127e-02,  7.9654e-02, -5.9400e-02,  2.5217e-01,  2.3567e-01,
          4.2862e-01,  5.0277e-02,  2.3960e-01,  6.7524e-02,  3.9467e-01,
          1.3603e-01,  7.3388e-01,  4.5695e-01, -6.8342e-02, -1.1832e-01,
         -3.0123e-01,  2.9734e-01, -7.6522e-02, -8.9521e-02,  1.1401e-01,
          2.1152e-01,  3.7014e-01, -3.7385e-01, -3.0583e-01,  6.0675e-01,
         -4.7602e-01, -3.4586e-01, -1.9972e-01,  7.1792e-02,  1.0418e-01,
          9.2124e-02, -9.8965e-02,  9.4957e-02,  4.9822e-02,  5.3942e-01,
          2.3509e-01,  2.7653e-01,  5.1876e-02,  5.9397e-01,  4.3974e-01,
         -4.7654e-01,  6.6301e-01,  9.3107e-02, -1.7854e-01, -1.3092e-01,
         -6.7209e-01, -7.3964e-02, -4.8423e-01,  5.0349e-01, -8.2286e-02,
         -6.7225e-01,  3.2697e-01, -6.2165e-02,  1.6415e-01, -7.5945e-01,
         -1.4698e-01,  5.9403e-02,  1.6371e-01, -7.3255e-02,  6.8155e-01,
         -4.2651e-01, -3.0245e-01,  2.2053e-01,  8.8684e-01, -4.9025e-01,
          3.4294e-01,  1.9624e-01, -2.1649e-01, -2.0048e-01, -5.0600e-02,
         -8.4661e-02, -7.4318e-02, -3.4247e-01, -1.1829e-01,  2.4294e-01,
         -1.3944e-01, -3.4377e-01,  3.5259e-01, -3.8872e-01,  3.1683e-01,
          1.9665e-02,  2.5981e-01, -2.4401e-01,  1.2898e-01,  2.6621e-01,
         -3.3459e-01, -6.0236e-02, -3.7451e-02,  6.7451e-01,  4.8370e-01,
         -5.0235e-01, -6.3306e-02, -3.3451e-01,  1.3033e-01,  2.6950e-01,
          1.5549e-01, -1.1725e-01, -4.1140e-01, -3.9686e-02,  5.5419e-01,
         -8.3000e-02,  2.5317e-01, -1.8550e-01, -2.5539e-01, -1.6739e-01,
          3.3024e-01, -6.3867e-02,  1.6484e-02, -1.9055e-01, -2.2602e-01,
         -1.7321e-01,  1.5904e-02, -2.4407e-01,  2.2421e-01, -1.0123e-01,
         -2.3753e-01, -1.2364e-01, -2.6989e-02,  5.6094e-01, -1.0768e-01,
          1.6703e-01, -3.0375e-01,  3.9878e-01,  3.5358e-01, -1.5428e-01,
          6.7731e-02,  4.1296e-02,  1.6823e-01, -5.9033e-01,  2.3318e-01,
         -2.5866e-02, -1.3128e-01, -1.7830e-01,  1.2035e-02, -1.4691e-01,
         -5.5310e-01,  4.4135e-02,  2.6632e-01, -9.6331e-02,  1.2343e+00,
         -8.0693e-01, -6.4910e-02, -2.9814e-01,  1.3327e-01,  4.4780e-01,
          3.7528e-01,  3.7248e-01]])","tensor([[-1.3574e-01,  1.6566e-01, -2.5166e-01,  2.1493e-01, -1.6530e-01,
          9.2158e-02, -4.0000e-01, -2.5825e-01, -1.3617e-01,  2.2215e-01,
          1.4125e-01, -2.8326e-01,  2.2757e-01,  5.4005e-02,  8.2725e-02,
          3.1216e-01,  4.0927e-01,  2.6939e-01, -7.2675e-02,  1.1507e-01,
          4.2458e-01,  2.6709e-01,  2.3583e-02, -3.5904e-01, -9.7911e-02,
         -3.7068e-01, -3.1930e-01,  2.3464e-01, -2.6341e-01,  8.0754e-02,
          9.4338e-02, -1.3682e-01, -1.6065e-01, -8.8817e-02, -3.4472e-01,
         -1.5749e-01, -1.2363e-01,  5.2026e-01,  9.9767e-02,  2.9015e-01,
         -1.3878e-03, -1.8181e-02, -1.7695e-01,  2.7496e-01,  1.2003e-01,
          2.8361e-01, -1.1435e-01, -7.7471e-02, -3.2895e-01,  3.4986e-02,
          8.2849e-02,  1.0894e-01,  1.6456e-01, -3.0942e-01, -6.7491e-01,
         -6.7176e-01,  3.3013e-01,  2.0560e-01, -8.9134e-02,  4.0063e-02,
          4.5769e-01, -1.7693e-01, -1.1623e-01,  9.9174e-02,  1.1708e-01,
         -1.8600e-01,  7.5896e-02,  1.1164e+00, -2.8427e-01, -1.5785e-01,
         -9.6287e-02, -1.2804e-01,  4.6534e-01,  3.1077e-01,  3.8203e-01,
         -1.9074e-01,  2.0022e-02,  4.4683e-01, -3.5640e-01, -1.3111e-01,
         -2.6661e-01, -2.3417e-01, -8.3962e-02,  5.3123e-01,  6.2360e-02,
         -2.6185e-01, -1.1083e-01, -1.3972e-01, -5.4955e-02, -2.4188e-01,
         -3.4029e-01, -8.7949e-03, -8.4688e-01,  1.2746e-01,  4.1317e-01,
          4.5741e-02,  3.9840e-02, -5.3190e-02,  7.4152e-01, -4.1573e-01,
          2.3938e-01, -3.2998e-01,  2.1403e-01, -1.5974e-01,  5.6493e-02,
         -4.9969e-02, -4.2895e-01,  3.3110e-01,  3.2061e-01, -5.4276e-01,
          3.7035e-02, -5.2917e-02, -2.5416e-01,  1.8347e-01, -8.6209e-02,
          1.3307e-02, -3.3535e-01,  1.8419e-01,  2.2924e-01, -6.2883e-02,
         -1.5798e-01, -3.6519e-01, -5.7792e-02, -5.6553e-01,  1.4941e-01,
          8.9959e-03,  3.0129e-01, -2.6143e-02,  2.3743e-01,  2.7843e-01,
          2.1637e-01, -2.4442e-01,  2.0456e-02,  3.8607e+00, -1.3033e-02,
         -4.2622e-01,  1.0586e-01, -5.2575e-01, -1.7762e-01,  1.7927e-02,
         -3.0870e-03,  9.1513e-02, -2.7056e-01,  3.1122e-01, -4.2976e-02,
          8.8000e-02,  2.4227e-01, -1.2669e-01, -1.7365e-01, -2.4668e-01,
         -2.6827e-01, -2.4886e-01,  3.2665e-01,  5.2595e-01, -4.5660e-02,
          1.1337e-01, -4.1744e-01, -1.9159e-02, -2.9515e-01, -3.1626e-02,
          4.3452e-02,  3.0796e-01,  2.4211e-02, -3.1319e-01, -5.5999e-02,
         -1.1318e-01,  5.3420e-01,  3.4546e-01, -3.6703e-01, -2.8723e-01,
          5.5283e-01, -3.3056e-01, -6.8184e-02,  5.0814e-01, -1.0636e-01,
          4.3143e-01,  4.5736e-01, -1.5894e-01, -7.3008e-02,  2.4055e-01,
         -4.7941e-02,  4.5230e-01, -2.8848e-01, -1.2814e-01,  1.9619e-01,
          4.5965e-02, -2.0610e-01, -3.3825e-01, -3.7839e-01,  1.3740e-01,
          2.9185e-01,  2.6881e-01, -3.3826e-01, -3.4140e-01, -3.1459e-01,
          7.7969e-02,  7.6849e-02,  7.0341e-01,  1.0123e-01,  3.6784e-02,
          1.2561e-01, -3.4617e-01,  1.7901e-01,  5.4341e-02, -2.1038e-01,
         -2.4843e-01,  4.4326e-01, -1.8869e-01, -2.6534e-01, -1.5600e-02,
          5.3867e-02, -1.0003e-01, -2.9462e-01,  1.7567e-01,  1.7605e-01,
         -5.8353e-02,  1.1477e-01, -1.3874e-01, -8.4857e-02,  2.0905e-03,
          1.0471e-01,  3.6397e-02,  3.9438e-02, -3.9079e-01, -3.0299e-01,
         -1.6748e-01,  1.3238e-01, -4.0829e-01, -4.1783e-01, -2.8354e-01,
         -2.2848e-01, -1.8864e-01, -6.9610e-02, -5.7583e-02,  3.7055e-01,
          4.1602e-01, -4.4647e-02,  1.0356e-01, -2.6102e-01, -3.5631e-02,
         -1.3765e-01,  4.9844e-01,  1.0457e-01,  3.4024e-02, -6.6568e-02,
         -3.3169e-01,  8.3223e-03,  2.4388e-01,  1.9757e-02, -4.4413e-02,
         -4.3566e-01,  2.8327e-01,  2.3014e-01, -3.4234e-01, -4.3243e-01,
          9.8762e-02,  3.9465e-01,  9.5235e-02,  2.0476e-02,  1.9567e-01,
          2.9156e-01, -7.0517e-02,  4.2749e-02,  3.1480e-02,  4.4559e-01,
          6.4621e-01,  1.1057e-01, -5.0235e-01,  3.6084e-02,  6.2155e-01,
         -1.8901e-01,  9.9686e-02,  2.5277e-01, -2.0952e-01, -2.1616e-01,
         -5.5139e-02,  1.9560e-01, -2.4965e-01, -1.2076e-02,  4.4058e-02,
          7.1570e-02, -1.0773e-01,  3.1248e-01,  2.6421e-01,  2.2858e-01,
          1.5981e-01, -1.0560e-01,  1.2388e-01,  1.8148e-01, -3.1079e-01,
          9.0389e-02, -6.5730e-02,  1.7518e-01, -1.4738e-01, -2.1052e-01,
          3.9637e-01, -9.3910e-02, -9.8423e-02,  9.8784e-02, -3.9864e-02,
         -8.1014e-02, -8.0938e-03,  1.1197e-01, -1.4837e-01, -3.1467e-01,
         -8.9540e-01,  1.7187e-01,  3.4743e-01,  3.9805e-01,  1.2471e-01,
          3.6456e-02,  4.0852e-01,  3.8606e+00, -4.1193e-02, -1.7110e-01,
          5.8096e-02,  3.0155e-03, -6.2535e-01, -1.4003e-01, -3.4298e-01,
         -1.6857e-01,  3.8217e-02,  5.8138e-02, -3.1746e-01,  1.5520e-01,
         -2.9211e-01,  1.6970e-02, -2.0762e-01,  1.8507e-01, -8.1561e-01,
          3.8713e-01, -1.2980e-02,  1.9024e-02,  4.1229e-02, -2.2815e-01,
          7.0798e-02, -3.4865e-01,  3.5777e-01,  2.4726e-01,  2.0892e-01,
         -5.8814e-02,  1.5355e-02,  1.0698e-02, -4.9074e-01,  1.3361e-02,
         -4.0245e-01,  4.9765e-01,  2.1644e-01,  2.3824e-01,  4.8270e-02,
         -2.3798e-01,  2.6302e-01,  2.1142e-01, -5.1741e-02, -3.4705e-01,
          3.1195e-01, -1.6864e-01,  8.4538e-02, -5.4710e-02,  4.7521e-01,
          2.7048e-01, -4.0982e-02, -2.3568e-01,  6.3648e-02,  4.0689e-01,
          8.2428e-02, -2.5895e-01,  1.2805e-01, -4.1136e-02,  1.0159e-01,
         -2.4900e-01, -2.6255e-01, -7.6748e-02,  1.5752e-01, -2.1044e-01,
         -4.1638e-02, -9.2840e-02, -1.2265e-01, -1.7339e-01,  2.2861e-01,
         -1.0399e-01,  4.1213e-01,  1.1258e-01, -3.7150e-01, -4.1961e-02,
          1.4655e-01,  7.6091e-02, -1.7252e-01, -6.4307e-01,  3.0663e-02,
         -1.6056e-01, -2.0702e-02, -1.1116e-01,  1.1362e-01,  4.7699e-02,
          2.0522e-01,  9.9801e-02,  1.0256e-01,  1.2411e-01,  2.4450e-01,
         -5.0035e-01, -4.0485e-01, -1.1280e-01,  4.8777e-01,  3.6617e-01,
          1.8370e-01,  2.5223e-01, -6.7025e-02,  4.9167e-01,  1.0410e-01,
         -4.6841e-01,  9.1391e-02, -2.2704e-01,  3.3197e-01,  3.7913e-02,
         -4.6537e-01, -8.0875e-02, -2.8189e-01,  2.7268e-01, -3.4227e-01,
          1.3520e-01,  3.2543e-02, -1.5452e-01, -6.7609e-01,  1.5685e-01,
         -5.1186e-02,  2.4066e-01,  2.4298e-01,  2.2748e-01, -1.0594e-02,
         -2.0683e-01, -6.6365e-02, -4.0103e-01, -2.4701e-01, -1.1165e-02,
          7.0753e-02, -6.6222e-01,  3.6313e-01, -2.4149e-01, -2.1729e-02,
         -2.2558e-01,  2.3281e-01, -3.8376e-02, -2.2800e-01,  1.1024e-01,
         -7.7935e-02, -6.1094e-01, -5.1186e-01,  5.8289e-02, -1.0955e-01,
         -5.1274e-01, -3.6911e-01,  4.3666e-01,  3.6516e-02,  4.8005e-03,
         -6.0003e-02, -4.2765e-01, -3.0498e-01, -1.2612e-01, -2.4788e-02,
          7.8494e-02,  2.8140e-02, -2.4067e-01,  3.9210e-01,  2.3410e-01,
          1.0721e-01,  4.8654e-01,  5.2765e-02, -2.0010e-01,  3.4727e-01,
          1.9911e-01, -2.3997e-01,  2.6583e-01, -8.3223e-02, -1.2119e-01,
          3.0984e-01,  1.6713e-01,  4.9173e-02,  3.8845e-01,  2.5610e-01,
          2.2347e-01, -3.9383e-01,  4.3941e-01,  1.5888e-01,  6.8440e-02,
          1.5389e-01, -1.0859e-02,  8.3169e-02, -9.8422e-02, -4.8558e-01,
          2.0372e-01,  3.5914e-01, -7.6542e-02,  8.4513e-01, -2.4690e-02,
         -2.2572e-03, -1.0980e-01, -2.7121e-01, -2.0277e-01, -1.1419e-02,
         -1.9215e-01, -1.6435e-01, -1.0499e-03,  1.5439e-01,  5.7906e-01,
         -2.1680e-01, -6.8019e-02, -2.6819e-01,  4.2950e-03,  3.0442e-01,
          2.4703e-01, -2.0658e-01]])"
384213,"tensor([[-3.1076e-01,  7.9324e-02,  4.6785e-02,  3.6310e-01,  4.7406e-01,
          8.7501e-02, -3.1573e-01, -3.1146e-01, -8.7809e-02,  6.6937e-02,
          7.8061e-02, -3.8359e-01, -1.0906e-01, -1.6381e-01, -1.3111e-01,
         -2.9165e-01, -2.2677e-01,  3.1681e-01, -1.0289e-01, -1.4589e-02,
         -3.3191e-01,  2.2263e-01,  1.3170e-01, -7.4441e-02, -2.8540e-01,
         -1.4615e-02,  9.1045e-02, -6.0791e-01,  1.0987e-01, -3.4342e-02,
         -4.3042e-01, -1.3620e-01,  3.8877e-03, -1.4770e-01, -5.7132e-02,
         -8.7228e-02,  1.9456e-01, -5.5456e-01,  1.8700e-01,  7.3032e-01,
         -2.8828e-01,  3.7434e-02,  3.9162e-02, -4.5036e-01, -4.2875e-02,
         -1.8121e+00,  3.3400e-01,  2.3110e-01, -5.1901e-02,  2.0807e-01,
         -2.4599e-01, -1.8888e-01,  2.7410e-01, -2.1020e-01,  8.1014e-02,
         -4.2320e-01, -9.0359e-01, -3.4212e-01, -7.4573e-02,  2.0343e-01,
         -1.5581e+00, -4.6191e-03, -1.6103e-01, -3.0418e-01, -1.5225e-01,
          8.0199e-02,  5.8654e-01,  1.1032e+00, -3.0277e-02,  2.4171e-02,
         -1.2512e-01,  1.7523e-01,  3.8584e-02,  3.1903e-02, -1.4569e-02,
          1.2800e-01, -4.1252e-01, -6.2321e-02, -2.6705e-01,  2.8329e-01,
         -4.2607e-02, -1.7401e-02,  9.8147e-02,  3.7504e-01,  2.7891e-01,
          1.9046e-01,  7.1847e-01, -2.7697e-01, -3.7586e-01,  2.0174e-01,
         -6.8714e-02,  3.4275e-02, -5.9768e+00, -2.2104e-01, -1.5577e-01,
          1.1498e-02, -7.2606e-02,  3.4766e-02,  3.4652e-01, -5.5824e-01,
          2.3463e-02,  4.0066e-01, -5.4194e-01,  2.5609e-01,  2.4852e-01,
         -7.2608e-01, -1.4591e-01,  1.7946e-02, -1.1079e-01,  1.0843e-01,
         -8.6800e-02, -1.1301e+00,  2.3289e-01,  2.5446e-01,  2.5480e-01,
         -2.5452e-01,  4.5984e-01,  7.6041e-02, -1.8461e-01,  2.2413e-01,
          1.7386e-01, -9.5836e-01,  1.2654e-01,  5.4610e-01,  1.4117e-01,
         -1.1453e-01,  1.3372e-01,  3.3684e-01, -5.3720e-01,  7.5047e-01,
          3.9458e-02, -3.1467e-01, -5.1654e-01,  8.0955e-01, -1.6193e-01,
         -2.6400e-01,  3.9490e-01, -1.0755e-01, -1.3117e-02,  1.5478e-01,
          4.2272e-01,  3.0563e-01, -1.3681e-01, -1.6125e-01, -1.1908e-01,
          9.7589e-02, -7.4099e-02,  4.9972e-01, -1.8731e-01, -8.3010e-02,
         -4.4095e-01, -1.6016e-02,  1.0139e-01, -6.0360e-02,  3.2913e-01,
          4.4563e-01, -1.6473e-01,  2.1158e-01, -2.9550e-01,  1.5377e-01,
         -7.2180e-02, -3.3517e-01, -6.6637e-02, -1.5359e-01,  7.3513e-02,
         -6.7198e-02,  1.9182e-01,  2.1421e-01,  3.0794e-01, -2.0242e-01,
          1.6583e-01,  4.2416e-02, -1.7177e-01,  1.5237e-01, -5.7527e-01,
          1.8431e-01,  1.6569e+00, -5.5748e-03,  6.3716e-01, -5.2491e-02,
          1.3018e-01, -4.4643e-01,  6.0808e-02, -1.0977e-01, -2.0153e-01,
         -6.9158e-02,  1.2297e-01,  2.0655e-01, -6.5775e-02, -2.8073e-01,
         -7.6021e-02, -1.9512e-01,  3.9628e-01,  1.1766e-01, -2.5550e-01,
         -4.0416e-02,  1.1744e-01,  1.4006e-01, -2.6064e-01, -3.8571e-02,
         -2.6658e-01, -5.6725e-02, -7.1629e-03,  3.0470e-01,  4.0053e-01,
         -4.2753e-01,  2.8096e-01,  1.0695e-01,  8.3482e-02,  8.8997e-02,
         -4.2298e-01, -2.4593e-01,  4.4009e-02,  1.8637e-01,  5.9869e-03,
         -2.3603e-01,  2.1426e-01,  1.1539e-01,  1.1841e+00,  4.0495e-01,
          2.2605e-02,  4.9670e-01, -6.1138e-02, -3.2449e-01,  9.4911e-02,
          9.7738e-02,  1.8856e-01,  3.5606e-01,  3.4931e-01, -1.9356e-02,
          3.6214e-01,  1.9032e-02, -1.5558e-01,  6.2561e-01,  7.4998e-02,
          5.9763e-01, -8.2802e-03, -1.0235e-01,  4.2330e-04, -1.7373e-01,
          4.1671e-01, -1.8959e-01, -2.8103e-01, -5.9250e-01, -4.5575e-01,
          7.0894e-01,  1.2402e-02,  1.2349e-01, -1.1237e-01,  3.0105e-01,
          2.7749e-01,  3.3843e-01,  1.0791e-01,  2.4724e-01,  1.2851e-02,
         -8.7293e-02, -1.0446e-01, -5.6047e-02,  4.5811e-01,  4.7153e-01,
         -5.7765e-02, -2.0394e-01,  5.9400e-01,  6.5180e-01,  6.3997e-01,
         -1.2730e-01,  1.4907e-01, -1.6896e-01,  1.6358e-01,  4.5327e-01,
         -6.4509e-01, -6.3822e-02, -2.3024e-02,  1.0775e-01, -3.1779e-02,
          2.6378e-02,  2.2699e-01, -4.0291e-01, -3.0116e-01, -1.6006e-01,
          2.8239e-01, -2.8543e-01, -7.6541e-02,  1.8819e-01,  1.0748e-01,
          1.3430e-01, -4.4817e-01,  1.6602e-01, -1.5591e-01,  9.5914e-04,
          1.2044e-01,  1.3889e-01, -6.0610e-02, -2.5531e-01, -4.3983e-01,
         -3.1090e-01, -7.4266e-01,  3.8057e-02, -1.8681e-01, -1.1050e-02,
         -5.5975e-01,  3.5551e-01, -4.8567e-01,  2.0624e-02,  2.4965e-01,
         -6.3536e-01,  1.8887e-01, -1.1769e-01,  5.9266e-02, -1.7476e-01,
         -1.0043e-01,  7.8664e-01,  8.0809e-01,  1.1134e-01, -2.4422e-01,
          1.6916e-01,  2.6572e-01, -1.4822e-01,  4.5902e-01, -3.8371e-01,
          3.1612e-01,  1.2564e+00,  1.6990e-01, -2.3290e-01, -3.5518e-01,
          3.0387e-02,  3.1311e-01,  7.2082e-03,  1.5744e-01, -5.4130e-01,
          3.2200e-01,  1.3314e-01, -3.1486e-02, -1.5816e-01, -3.4657e-01,
          2.6804e-02, -1.0000e-01, -9.2916e-02, -9.0303e-02, -3.3635e-02,
         -2.2665e-01, -3.3097e-01, -3.8065e-01,  9.8792e-02,  6.2719e-01,
         -2.0777e-01, -3.1399e-01,  1.3306e-01, -7.2330e-03, -6.5674e-04,
          9.7227e-01,  2.3159e-01, -2.1734e-01,  1.2284e-01, -3.3551e-01,
          7.1786e-01, -2.6298e-01,  1.2947e-01, -5.7858e-01,  3.4851e-01,
         -7.2632e-01,  4.9432e-02, -2.7889e-01,  6.4265e-01, -3.3720e-01,
          2.6242e-02, -1.7732e-01,  3.6770e-01,  1.9515e-01, -1.4129e-01,
          3.5362e-02, -1.4265e-01, -1.8972e-01, -3.4211e-01,  2.9108e-01,
         -4.7386e-02,  5.8665e-01, -1.1712e-01, -3.6420e-01, -2.7993e-01,
         -9.2915e-02, -4.2029e-01,  1.5190e-02,  2.5736e-01,  1.7279e-01,
         -1.4594e-01, -9.6379e-02, -3.0273e-01, -5.0689e-01, -2.2590e+00,
         -8.2744e-02,  2.8023e-01, -7.4746e-02,  1.3601e-01, -1.5500e-01,
          2.6132e-02, -4.0202e-02, -2.9593e-02,  4.1407e-01,  1.1840e-01,
         -3.3308e-01,  4.8253e-01,  1.1192e+00,  1.1837e-01,  4.3062e-01,
          1.3396e-02,  3.8787e-02,  1.4029e-01, -1.1346e-01, -2.4536e-01,
         -3.7562e-01,  1.5922e-01, -1.6489e-01, -2.4354e-02, -6.6505e-02,
          2.4617e-01, -5.8254e-01, -1.9478e-01, -1.3758e-01, -2.8424e-01,
          2.0597e-01, -4.6656e-01,  1.0459e-01,  5.1665e-01, -3.9008e-01,
          1.8621e-01,  4.1691e-01,  3.3466e-02,  6.3322e-01,  1.5340e-01,
         -2.8694e-01,  1.9819e-01,  7.0266e-01, -1.1138e-01,  8.0121e-02,
         -3.7973e-01,  4.9884e-02,  3.1606e-01,  6.5861e-02, -4.1310e-02,
         -3.5494e-01,  8.5932e-02,  3.8362e-01, -5.0282e-02, -2.0544e-01,
         -3.3947e-01,  5.0292e-02, -3.6697e-01,  2.9502e-01, -5.1483e-01,
          2.2388e-01, -3.8897e-01, -5.6812e-01, -3.8635e-01, -2.0461e-01,
          4.5476e-01,  7.8518e-01, -3.0755e-01,  1.9279e-02, -1.3763e-02,
         -4.2043e-01, -7.3973e-02,  7.4119e-02,  5.0823e-03, -2.9103e-01,
          3.3850e-01, -2.1024e-02, -5.7402e-01,  2.5172e-01,  9.2675e-02,
          4.6588e-02, -2.4630e-02,  6.2459e-01, -6.7093e-01,  3.1802e-02,
          3.4117e-02, -1.3475e-01, -9.4232e-02,  1.5214e-02,  2.6939e-01,
          3.3923e-01, -2.3213e-01, -4.5250e-02,  4.2909e-01,  2.9959e-01,
          6.3219e-01,  1.1287e-01,  4.3937e-01,  1.7401e-01,  1.7993e-02,
         -5.1696e-01,  1.0884e-02,  2.0746e-01, -2.5281e-01,  2.7189e-01,
          2.0699e-01, -2.9642e-03,  2.6625e-01, -2.6289e-01, -4.8788e-03,
          1.5411e-01, -3.2084e-01,  1.7013e-01,  4.5958e-01,  1.4283e+00,
          2.0430e-01,  2.0095e-02, -2.6384e-01, -4.0226e-01,  5.6701e-01,
          1.5405e-01,  1.0100e-01]])","tensor([[-1.7673e-01,  1.1550e-01, -8.2680e-02, -2.4818e-04, -2.4433e-01,
          4.1762e-02, -1.5600e-01, -2.7676e-01, -2.1884e-01,  3.2524e-01,
          3.1428e-01, -3.0161e-01,  5.3973e-01,  8.7542e-03, -8.6268e-02,
         -7.8014e-02,  2.3645e-02,  2.2305e-01, -4.1661e-01,  2.9428e-01,
         -2.6856e-01,  5.6045e-02, -1.1126e-01, -7.5360e-02,  5.1817e-02,
          7.2737e-02, -2.5299e-01, -2.2209e-01,  3.4135e-02,  1.0285e-01,
         -2.2328e-02, -1.2463e-01,  1.1218e-01, -1.3235e-01, -7.0296e-01,
         -1.9113e-01,  1.6735e-01, -1.6491e-01,  2.8767e-03,  5.5976e-02,
         -2.0837e-01,  2.4570e-01,  2.6472e-01,  4.9061e-02,  7.3134e-02,
         -2.3772e-01,  1.9921e-01,  2.1062e-02, -4.9547e-01, -1.5131e-01,
         -1.2842e-01, -3.3625e-01,  2.2462e-01, -6.7841e-02, -2.0775e-01,
         -2.7988e-02, -4.6758e-01,  6.5686e-02,  1.1715e-01, -2.8377e-01,
         -5.4280e-01,  8.7886e-02,  1.5964e-01,  2.0043e-01, -2.6696e-01,
          5.6287e-02,  4.2510e-01,  6.0841e-01, -2.2683e-01, -1.1311e-01,
          4.0787e-02, -2.8905e-02,  4.8608e-01, -2.7408e-01, -1.4196e-01,
         -1.7757e-01, -2.0910e-01,  5.4431e-03, -1.0128e-01, -1.4934e-01,
          1.7117e-02, -5.1310e-01,  1.3106e-01,  2.3039e-01, -1.0029e-01,
         -3.1059e-01, -3.1917e-01, -2.3769e-02, -7.7674e-03,  5.6371e-01,
         -1.8852e-01, -9.8900e-02, -6.2191e-01,  2.7581e-01, -9.8648e-02,
          4.6611e-02,  2.6296e-02,  1.5925e-01,  6.5077e-01,  5.4885e-02,
         -8.3504e-03,  2.9878e-01,  1.8568e-01, -5.6837e-03, -2.1765e-01,
         -6.3965e-01, -3.9035e-01,  2.7171e-01,  2.3229e-01, -1.6928e-01,
         -2.3375e-01, -4.5426e-01,  1.2510e-01,  4.1224e-01,  2.8976e-02,
         -1.6420e-01,  3.4563e-01, -4.4851e-03, -3.2687e-02,  3.0343e-01,
          4.4988e-01, -6.7521e-01,  3.5346e-01,  3.5763e-01,  8.1969e-02,
         -4.1715e-02, -2.1443e-01,  2.1932e-01,  2.3411e-01,  5.8885e-02,
          2.1825e-01, -3.5939e-01, -6.1412e-02,  4.1829e+00, -2.8616e-01,
         -1.9683e-01, -3.3577e-02, -1.9102e-01,  3.5514e-01, -6.8773e-02,
          1.2183e-01,  3.1385e-01, -6.0621e-01,  1.6847e-01,  1.3695e-01,
         -4.4645e-01, -1.5144e-01, -4.9434e-01, -1.3487e-01, -8.2732e-02,
         -4.8764e-01,  2.5242e-02, -3.0616e-01,  1.2375e-01,  4.4617e-01,
         -1.1975e-02, -2.0444e-01, -4.7841e-01, -1.2374e-02,  1.7452e-01,
         -2.8787e-01, -1.0015e-01, -3.0193e-01,  2.9436e-02, -3.6907e-02,
         -2.5943e-01,  2.0058e-01,  2.0337e-01,  1.6882e-01, -1.4089e-01,
         -1.2369e-01,  6.1075e-02, -3.8105e-01,  2.0366e-01,  8.6634e-03,
          2.7226e-01,  1.1931e-01,  4.1491e-02,  5.4352e-01, -1.8375e-01,
          2.1177e-02, -4.1742e-01, -2.4690e-01,  1.0276e-01, -3.2442e-01,
         -3.1402e-01, -8.5910e-02,  1.2377e-01,  1.2570e-01,  3.6596e-01,
          3.7325e-02, -4.7290e-02,  9.9042e-02,  3.0147e-01, -2.7514e-01,
         -1.3625e-01, -2.7933e-01,  5.0702e-01, -1.5805e-01,  2.1634e-01,
          6.0667e-02,  1.2706e-01, -2.8876e-01, -3.9982e-02,  2.7013e-01,
         -2.2993e-01,  1.1066e-01, -1.7342e-01,  2.2967e-01, -2.8452e-02,
          2.6306e-01,  4.5454e-01,  3.3145e-01,  1.3005e-01,  3.3757e-01,
         -5.3435e-01,  2.5900e-01, -2.8348e-01,  5.4217e-01,  1.7927e-01,
          3.6783e-01, -6.1879e-02, -2.9475e-01, -4.1693e-02,  4.6960e-02,
          1.6070e-01,  1.9148e-01,  6.0587e-02,  3.0646e-02, -4.3397e-01,
          1.2929e-02, -1.0875e-01,  3.3495e-01,  7.4906e-02,  5.1799e-01,
          3.2675e-01, -3.3478e-02, -1.5127e-01, -1.1710e-01, -1.2886e-02,
          4.4396e-02, -3.2495e-01, -2.0961e-01, -7.1769e-02, -4.4483e-01,
          7.1262e-01, -1.3055e-01,  2.2254e-01, -8.6589e-02, -3.3386e-01,
         -5.7567e-02,  4.5279e-01,  6.8266e-02, -1.1574e-01,  3.4573e-02,
          1.9014e-02, -9.1009e-03,  2.5099e-01, -8.8047e-02,  4.4307e-01,
          5.0887e-02,  2.6122e-01, -1.0182e-01, -6.6000e-02,  1.0931e-01,
          1.9327e-01,  4.9641e-01, -1.3680e-01, -6.2512e-02,  5.5135e-02,
         -3.7711e-02, -1.7134e-01,  4.5273e-02, -2.5306e-01, -4.9280e-01,
         -2.4345e-02,  6.4827e-02, -2.5739e-01, -3.1390e-01, -1.9207e-01,
          2.9920e-01, -1.4348e-01,  1.2236e-01, -1.1570e-01, -1.0211e-01,
          2.8852e-01, -1.7490e-01, -1.6181e-01,  1.6981e-01,  1.0255e-02,
          2.1417e-01,  2.0572e-01,  6.6276e-02,  2.1740e-01, -3.7454e-03,
         -1.2673e-01, -1.0518e-01,  1.1331e-01, -6.6146e-02,  4.8228e-02,
         -2.2650e-01,  3.5777e-01, -3.0551e-01,  2.0874e-01,  8.4932e-04,
         -1.8573e-01,  1.3730e-01,  1.4375e-01,  8.5013e-02, -1.0897e-02,
         -5.2380e-01,  8.5539e-01,  4.1801e+00, -6.8533e-02,  2.4615e-01,
          5.2324e-01,  5.1319e-01, -5.0331e-02,  4.8060e-01,  1.3407e-01,
         -5.0558e-02,  1.4816e-01,  3.7094e-01, -5.9571e-03, -2.7938e-01,
         -1.0432e-01,  2.0132e-02, -2.7449e-01, -1.1625e-01, -4.7783e-01,
          3.8322e-01,  1.2912e-01, -5.0043e-02, -4.3689e-01, -2.0746e-01,
          2.2898e-01,  4.6723e-02, -2.6063e-01,  1.8962e-01, -1.0422e-01,
         -1.9063e-01, -1.2100e-01,  9.5804e-02, -1.3418e-01,  5.1009e-01,
          6.8592e-02,  9.4591e-02,  7.1363e-02,  7.8535e-02, -1.7187e-02,
          4.0064e-01,  3.3153e-01,  2.9183e-02,  1.9671e-01, -5.0570e-01,
         -1.8294e-01, -4.4439e-01,  2.0123e-01, -3.4537e-01,  6.0664e-02,
         -7.2400e-01, -1.9154e-01,  2.5197e-01,  7.9020e-02, -1.6824e-01,
          4.6070e-02, -3.5046e-02,  2.1019e-01,  1.9655e-01, -1.1447e-01,
         -1.1149e-01, -1.8306e-01,  4.8520e-01,  1.6132e-01,  1.0075e-01,
          1.2078e-01,  1.3718e-01,  2.8783e-02,  1.4203e-02,  2.3466e-02,
         -2.7300e-02, -4.0826e-01,  1.4887e-01, -6.0550e-01,  3.6145e-01,
         -4.3070e-01, -2.4807e-01, -2.9391e-01, -5.1373e-01, -3.7770e-03,
         -1.9075e-01,  3.6252e-01,  6.6028e-02,  1.8726e-01, -8.9619e-02,
          5.7059e-03,  2.9592e-01,  1.9033e-01, -1.2552e-01,  4.1124e-01,
         -2.6754e-01,  1.9938e-01,  2.9925e-01, -8.0319e-02, -1.0618e-01,
         -6.4970e-02, -2.4261e-02, -1.5094e-02,  1.1308e-02, -3.2931e-01,
         -2.1081e-01, -1.9540e-01, -7.9500e-02,  6.2973e-01,  1.4892e-01,
         -3.2818e-02, -2.0422e-01, -3.1387e-01,  2.8968e-02, -4.2679e-02,
         -1.0638e-01, -3.1168e-01,  3.0030e-02,  1.3389e-01, -8.2174e-02,
         -1.4372e-01, -1.3921e-01, -2.1326e-01, -1.8245e-01, -5.0929e-02,
         -1.7277e-01, -7.8204e-03,  6.2649e-01, -6.0820e-02, -2.4678e-01,
         -4.4874e-01, -3.0191e-01,  2.4686e-01,  2.2373e-01,  1.4805e-01,
          1.4707e-01, -3.8721e-01,  1.8176e-01, -1.1970e-01, -2.4910e-01,
         -2.4875e-01, -4.0879e-01, -9.0142e-02, -8.1173e-02, -1.5723e-01,
         -1.5175e-02, -7.7725e-02, -1.2074e-01,  7.3523e-03, -7.2162e-02,
         -1.7418e-02,  4.9953e-01, -1.3255e-01,  1.8518e-02, -7.2125e-02,
          1.3855e-01, -2.9486e-01,  2.6708e-01,  3.9495e-01,  2.8479e-01,
          1.3637e-01, -6.6243e-04, -4.6578e-01, -2.6236e-01,  1.3731e-01,
         -2.1227e-02, -4.1144e-02,  4.3977e-01, -1.7494e-01,  1.3412e-01,
          4.4719e-01,  4.8004e-02, -3.9607e-02,  2.5984e-02,  3.7434e-01,
          3.2292e-02, -2.6728e-01,  5.0635e-01, -1.4160e-01, -2.0409e-01,
          5.1005e-01,  1.4672e-01, -1.8575e-01,  8.1478e-02,  3.8397e-01,
          1.1914e-01,  2.7499e-02, -7.4426e-02,  1.4681e+00,  5.0876e-01,
          8.1862e-03, -3.7181e-02,  1.3989e-01, -1.6664e-01, -2.5985e-01,
          4.9417e-01,  2.3282e-01,  2.8689e-02,  5.9150e-01,  5.1865e-01,
          1.5219e-01,  8.6161e-02, -8.2260e-02,  8.4611e-02,  1.3655e-02,
          1.7590e-01, -3.0777e-01]])"
